task,case,pattern,size_label,mode,threads,avg_runtime_seconds,speedup_vs_sequential,efficiency,avg_R,max_R
full,a_star,a*,gigantic,parallel,1,1.34364988,1.0078,1.0078,,
full,a_star,a*,gigantic,parallel,16,0.65812795,2.0576,0.1286,,
full,a_star,a*,gigantic,parallel,2,1.53215365,0.8838,0.4419,,
full,a_star,a*,gigantic,parallel,4,0.98519690,1.3745,0.3436,,
full,a_star,a*,gigantic,parallel,8,0.84026505,1.6116,0.2015,,
full,a_star,a*,gigantic,pruned,1,1.36530950,0.9919,0.9919,,
full,a_star,a*,gigantic,pruned,16,0.58209357,2.3264,0.1454,1.00,1
full,a_star,a*,gigantic,pruned,2,1.36645730,0.9910,0.4955,1.00,1
full,a_star,a*,gigantic,pruned,4,0.89376590,1.5151,0.3788,1.00,1
full,a_star,a*,gigantic,pruned,8,0.71013853,1.9069,0.2384,1.00,1
full,a_star,a*,gigantic,sequential,1,1.35418370,1.0000,1.0000,,
full,a_star,a*,gigantic,sfa,1,1.35557157,0.9990,0.9990,,
full,a_star,a*,gigantic,sfa,16,0.48151112,2.8124,0.1758,,
full,a_star,a*,gigantic,sfa,2,0.89166702,1.5187,0.7594,,
full,a_star,a*,gigantic,sfa,4,0.66242386,2.0443,0.5111,,
full,a_star,a*,gigantic,sfa,8,0.54892345,2.4670,0.3084,,
full,a_star,a*,huge,parallel,1,0.68761863,1.0102,1.0102,,
full,a_star,a*,huge,parallel,16,0.35629510,1.9497,0.1219,,
full,a_star,a*,huge,parallel,2,0.77775809,0.8932,0.4466,,
full,a_star,a*,huge,parallel,4,0.52664678,1.3190,0.3298,,
full,a_star,a*,huge,parallel,8,0.43549166,1.5951,0.1994,,
full,a_star,a*,huge,pruned,1,0.68879279,1.0085,1.0085,,
full,a_star,a*,huge,pruned,16,0.29195087,2.3794,0.1487,1.00,1
full,a_star,a*,huge,pruned,2,0.69102036,1.0053,0.5026,1.00,1
full,a_star,a*,huge,pruned,4,0.45844788,1.5153,0.3788,1.00,1
full,a_star,a*,huge,pruned,8,0.37338207,1.8605,0.2326,1.00,1
full,a_star,a*,huge,sequential,1,0.69466367,1.0000,1.0000,,
full,a_star,a*,huge,sfa,1,0.69024845,1.0064,1.0064,,
full,a_star,a*,huge,sfa,16,0.24530416,2.8318,0.1770,,
full,a_star,a*,huge,sfa,2,0.45566828,1.5245,0.7622,,
full,a_star,a*,huge,sfa,4,0.34415278,2.0185,0.5046,,
full,a_star,a*,huge,sfa,8,0.28130184,2.4695,0.3087,,
full,a_star,a*,large,parallel,1,0.07486493,1.0159,1.0159,,
full,a_star,a*,large,parallel,16,0.04535385,1.6769,0.1048,,
full,a_star,a*,large,parallel,2,0.09148961,0.8313,0.4156,,
full,a_star,a*,large,parallel,4,0.06367278,1.1944,0.2986,,
full,a_star,a*,large,parallel,8,0.05596905,1.3588,0.1699,,
full,a_star,a*,large,pruned,1,0.07580297,1.0033,1.0033,,
full,a_star,a*,large,pruned,16,0.03998007,1.9023,0.1189,1.00,1
full,a_star,a*,large,pruned,2,0.08155969,0.9325,0.4662,1.00,1
full,a_star,a*,large,pruned,4,0.06152792,1.2361,0.3090,1.00,1
full,a_star,a*,large,pruned,8,0.04627274,1.6436,0.2054,1.00,1
full,a_star,a*,large,sequential,1,0.07605233,1.0000,1.0000,,
full,a_star,a*,large,sfa,1,0.07971666,0.9540,0.9540,,
full,a_star,a*,large,sfa,16,0.03062848,2.4831,0.1552,,
full,a_star,a*,large,sfa,2,0.05237957,1.4519,0.7260,,
full,a_star,a*,large,sfa,4,0.04080676,1.8637,0.4659,,
full,a_star,a*,large,sfa,8,0.03690398,2.0608,0.2576,,
full,a_star,a*,medium,parallel,1,0.00385042,1.1572,1.1572,,
full,a_star,a*,medium,parallel,16,0.00290519,1.5337,0.0959,,
full,a_star,a*,medium,parallel,2,0.00535667,0.8318,0.4159,,
full,a_star,a*,medium,parallel,4,0.00406674,1.0956,0.2739,,
full,a_star,a*,medium,parallel,8,0.00334002,1.3340,0.1668,,
full,a_star,a*,medium,pruned,1,0.00340050,1.3103,1.3103,,
full,a_star,a*,medium,pruned,16,0.00301021,1.4802,0.0925,1.00,1
full,a_star,a*,medium,pruned,2,0.00391854,1.1371,0.5685,1.00,1
full,a_star,a*,medium,pruned,4,0.00325677,1.3681,0.3420,1.00,1
full,a_star,a*,medium,pruned,8,0.00290040,1.5362,0.1920,1.00,1
full,a_star,a*,medium,sequential,1,0.00445561,1.0000,1.0000,,
full,a_star,a*,medium,sfa,1,0.00383713,1.1612,1.1612,,
full,a_star,a*,medium,sfa,16,0.00286944,1.5528,0.0970,,
full,a_star,a*,medium,sfa,2,0.00296454,1.5030,0.7515,,
full,a_star,a*,medium,sfa,4,0.00308466,1.4444,0.3611,,
full,a_star,a*,medium,sfa,8,0.00280678,1.5874,0.1984,,
full,abc_contains_block,(a|b|c)*(ab*cac*b)(a|b|c)*,gigantic,parallel,1,1.35543147,0.9947,0.9947,,
full,abc_contains_block,(a|b|c)*(ab*cac*b)(a|b|c)*,gigantic,parallel,16,2.78013075,0.4849,0.0303,,
full,abc_contains_block,(a|b|c)*(ab*cac*b)(a|b|c)*,gigantic,parallel,2,14.10415100,0.0956,0.0478,,
full,abc_contains_block,(a|b|c)*(ab*cac*b)(a|b|c)*,gigantic,parallel,4,7.25711796,0.1858,0.0464,,
full,abc_contains_block,(a|b|c)*(ab*cac*b)(a|b|c)*,gigantic,parallel,8,4.35577469,0.3095,0.0387,,
full,abc_contains_block,(a|b|c)*(ab*cac*b)(a|b|c)*,gigantic,pruned,1,1.36139556,0.9903,0.9903,,
full,abc_contains_block,(a|b|c)*(ab*cac*b)(a|b|c)*,gigantic,pruned,16,0.78229995,1.7234,0.1077,2.40,4
full,abc_contains_block,(a|b|c)*(ab*cac*b)(a|b|c)*,gigantic,pruned,2,1.73166468,0.7786,0.3893,2.00,2
full,abc_contains_block,(a|b|c)*(ab*cac*b)(a|b|c)*,gigantic,pruned,4,1.08886625,1.2382,0.3095,2.00,2
full,abc_contains_block,(a|b|c)*(ab*cac*b)(a|b|c)*,gigantic,pruned,8,0.98838385,1.3640,0.1705,2.29,4
full,abc_contains_block,(a|b|c)*(ab*cac*b)(a|b|c)*,gigantic,sequential,1,1.34820067,1.0000,1.0000,,
full,abc_contains_block,(a|b|c)*(ab*cac*b)(a|b|c)*,gigantic,sfa,1,1.36679111,0.9864,0.9864,,
full,abc_contains_block,(a|b|c)*(ab*cac*b)(a|b|c)*,gigantic,sfa,16,0.48503027,2.7796,0.1737,,
full,abc_contains_block,(a|b|c)*(ab*cac*b)(a|b|c)*,gigantic,sfa,2,0.88901790,1.5165,0.7583,,
full,abc_contains_block,(a|b|c)*(ab*cac*b)(a|b|c)*,gigantic,sfa,4,0.66771750,2.0191,0.5048,,
full,abc_contains_block,(a|b|c)*(ab*cac*b)(a|b|c)*,gigantic,sfa,8,0.55034978,2.4497,0.3062,,
full,abc_contains_block,(a|b|c)*(ab*cac*b)(a|b|c)*,huge,parallel,1,0.68236869,1.0012,1.0012,,
full,abc_contains_block,(a|b|c)*(ab*cac*b)(a|b|c)*,huge,parallel,16,1.33489167,0.5118,0.0320,,
full,abc_contains_block,(a|b|c)*(ab*cac*b)(a|b|c)*,huge,parallel,2,7.12816685,0.0958,0.0479,,
full,abc_contains_block,(a|b|c)*(ab*cac*b)(a|b|c)*,huge,parallel,4,3.67455480,0.1859,0.0465,,
full,abc_contains_block,(a|b|c)*(ab*cac*b)(a|b|c)*,huge,parallel,8,1.98752617,0.3437,0.0430,,
full,abc_contains_block,(a|b|c)*(ab*cac*b)(a|b|c)*,huge,pruned,1,0.68370497,0.9992,0.9992,,
full,abc_contains_block,(a|b|c)*(ab*cac*b)(a|b|c)*,huge,pruned,16,0.40756794,1.6762,0.1048,2.93,4
full,abc_contains_block,(a|b|c)*(ab*cac*b)(a|b|c)*,huge,pruned,2,0.84564855,0.8079,0.4039,2.00,2
full,abc_contains_block,(a|b|c)*(ab*cac*b)(a|b|c)*,huge,pruned,4,0.77474108,0.8818,0.2204,2.67,4
full,abc_contains_block,(a|b|c)*(ab*cac*b)(a|b|c)*,huge,pruned,8,0.48827838,1.3991,0.1749,2.57,4
full,abc_contains_block,(a|b|c)*(ab*cac*b)(a|b|c)*,huge,sequential,1,0.68315794,1.0000,1.0000,,
full,abc_contains_block,(a|b|c)*(ab*cac*b)(a|b|c)*,huge,sfa,1,0.68339191,0.9997,0.9997,,
full,abc_contains_block,(a|b|c)*(ab*cac*b)(a|b|c)*,huge,sfa,16,0.23476763,2.9099,0.1819,,
full,abc_contains_block,(a|b|c)*(ab*cac*b)(a|b|c)*,huge,sfa,2,0.43968190,1.5538,0.7769,,
full,abc_contains_block,(a|b|c)*(ab*cac*b)(a|b|c)*,huge,sfa,4,0.32172026,2.1235,0.5309,,
full,abc_contains_block,(a|b|c)*(ab*cac*b)(a|b|c)*,huge,sfa,8,0.26627640,2.5656,0.3207,,
full,abc_contains_block,(a|b|c)*(ab*cac*b)(a|b|c)*,large,parallel,1,0.07429622,0.9955,0.9955,,
full,abc_contains_block,(a|b|c)*(ab*cac*b)(a|b|c)*,large,parallel,16,0.15086285,0.4902,0.0306,,
full,abc_contains_block,(a|b|c)*(ab*cac*b)(a|b|c)*,large,parallel,2,0.72277425,0.1023,0.0512,,
full,abc_contains_block,(a|b|c)*(ab*cac*b)(a|b|c)*,large,parallel,4,0.37637910,0.1965,0.0491,,
full,abc_contains_block,(a|b|c)*(ab*cac*b)(a|b|c)*,large,parallel,8,0.24747432,0.2989,0.0374,,
full,abc_contains_block,(a|b|c)*(ab*cac*b)(a|b|c)*,large,pruned,1,0.07531346,0.9820,0.9820,,
full,abc_contains_block,(a|b|c)*(ab*cac*b)(a|b|c)*,large,pruned,16,0.04811081,1.5373,0.0961,2.27,4
full,abc_contains_block,(a|b|c)*(ab*cac*b)(a|b|c)*,large,pruned,2,0.09800291,0.7547,0.3773,2.00,2
full,abc_contains_block,(a|b|c)*(ab*cac*b)(a|b|c)*,large,pruned,4,0.06873546,1.0760,0.2690,2.00,2
full,abc_contains_block,(a|b|c)*(ab*cac*b)(a|b|c)*,large,pruned,8,0.06858526,1.0784,0.1348,2.29,4
full,abc_contains_block,(a|b|c)*(ab*cac*b)(a|b|c)*,large,sequential,1,0.07395994,1.0000,1.0000,,
full,abc_contains_block,(a|b|c)*(ab*cac*b)(a|b|c)*,large,sfa,1,0.07535537,0.9815,0.9815,,
full,abc_contains_block,(a|b|c)*(ab*cac*b)(a|b|c)*,large,sfa,16,0.03115134,2.3742,0.1484,,
full,abc_contains_block,(a|b|c)*(ab*cac*b)(a|b|c)*,large,sfa,2,0.05045847,1.4658,0.7329,,
full,abc_contains_block,(a|b|c)*(ab*cac*b)(a|b|c)*,large,sfa,4,0.03930342,1.8818,0.4704,,
full,abc_contains_block,(a|b|c)*(ab*cac*b)(a|b|c)*,large,sfa,8,0.03514328,2.1045,0.2631,,
full,abc_contains_block,(a|b|c)*(ab*cac*b)(a|b|c)*,medium,parallel,1,0.00343213,1.1869,1.1869,,
full,abc_contains_block,(a|b|c)*(ab*cac*b)(a|b|c)*,medium,parallel,16,0.00551637,0.7385,0.0462,,
full,abc_contains_block,(a|b|c)*(ab*cac*b)(a|b|c)*,medium,parallel,2,0.02009802,0.2027,0.1013,,
full,abc_contains_block,(a|b|c)*(ab*cac*b)(a|b|c)*,medium,parallel,4,0.01227085,0.3320,0.0830,,
full,abc_contains_block,(a|b|c)*(ab*cac*b)(a|b|c)*,medium,parallel,8,0.00775563,0.5253,0.0657,,
full,abc_contains_block,(a|b|c)*(ab*cac*b)(a|b|c)*,medium,pruned,1,0.00348841,1.1678,1.1678,,
full,abc_contains_block,(a|b|c)*(ab*cac*b)(a|b|c)*,medium,pruned,16,0.00355618,1.1455,0.0716,2.67,4
full,abc_contains_block,(a|b|c)*(ab*cac*b)(a|b|c)*,medium,pruned,2,0.00478497,0.8513,0.4257,2.00,2
full,abc_contains_block,(a|b|c)*(ab*cac*b)(a|b|c)*,medium,pruned,4,0.00503591,0.8089,0.2022,2.67,4
full,abc_contains_block,(a|b|c)*(ab*cac*b)(a|b|c)*,medium,pruned,8,0.00396910,1.0263,0.1283,2.86,4
full,abc_contains_block,(a|b|c)*(ab*cac*b)(a|b|c)*,medium,sequential,1,0.00407368,1.0000,1.0000,,
full,abc_contains_block,(a|b|c)*(ab*cac*b)(a|b|c)*,medium,sfa,1,0.00382075,1.0662,1.0662,,
full,abc_contains_block,(a|b|c)*(ab*cac*b)(a|b|c)*,medium,sfa,16,0.00273109,1.4916,0.0932,,
full,abc_contains_block,(a|b|c)*(ab*cac*b)(a|b|c)*,medium,sfa,2,0.00340122,1.1977,0.5989,,
full,abc_contains_block,(a|b|c)*(ab*cac*b)(a|b|c)*,medium,sfa,4,0.00286248,1.4231,0.3558,,
full,abc_contains_block,(a|b|c)*(ab*cac*b)(a|b|c)*,medium,sfa,8,0.00319541,1.2749,0.1594,,
full,abc_contains_tail,(a|b|c)*abc(a|b|c)*,gigantic,parallel,1,1.36646122,0.9887,0.9887,,
full,abc_contains_tail,(a|b|c)*abc(a|b|c)*,gigantic,parallel,16,1.69729326,0.7960,0.0497,,
full,abc_contains_tail,(a|b|c)*abc(a|b|c)*,gigantic,parallel,2,6.12761332,0.2205,0.1102,,
full,abc_contains_tail,(a|b|c)*abc(a|b|c)*,gigantic,parallel,4,3.27979415,0.4119,0.1030,,
full,abc_contains_tail,(a|b|c)*abc(a|b|c)*,gigantic,parallel,8,2.49478890,0.5415,0.0677,,
full,abc_contains_tail,(a|b|c)*abc(a|b|c)*,gigantic,pruned,1,1.35849243,0.9945,0.9945,,
full,abc_contains_tail,(a|b|c)*abc(a|b|c)*,gigantic,pruned,16,0.67027360,2.0156,0.1260,2.00,2
full,abc_contains_tail,(a|b|c)*abc(a|b|c)*,gigantic,pruned,2,1.72429217,0.7835,0.3918,2.00,2
full,abc_contains_tail,(a|b|c)*abc(a|b|c)*,gigantic,pruned,4,1.06234436,1.2717,0.3179,2.00,2
full,abc_contains_tail,(a|b|c)*abc(a|b|c)*,gigantic,pruned,8,0.81914535,1.6493,0.2062,2.00,2
full,abc_contains_tail,(a|b|c)*abc(a|b|c)*,gigantic,sequential,1,1.35098656,1.0000,1.0000,,
full,abc_contains_tail,(a|b|c)*abc(a|b|c)*,gigantic,sfa,1,1.35389585,0.9979,0.9979,,
full,abc_contains_tail,(a|b|c)*abc(a|b|c)*,gigantic,sfa,16,0.47855645,2.8230,0.1764,,
full,abc_contains_tail,(a|b|c)*abc(a|b|c)*,gigantic,sfa,2,0.88506118,1.5264,0.7632,,
full,abc_contains_tail,(a|b|c)*abc(a|b|c)*,gigantic,sfa,4,0.64718286,2.0875,0.5219,,
full,abc_contains_tail,(a|b|c)*abc(a|b|c)*,gigantic,sfa,8,0.53483859,2.5260,0.3157,,
full,abc_contains_tail,(a|b|c)*abc(a|b|c)*,huge,parallel,1,0.68804246,0.9876,0.9876,,
full,abc_contains_tail,(a|b|c)*abc(a|b|c)*,huge,parallel,16,0.80982044,0.8391,0.0524,,
full,abc_contains_tail,(a|b|c)*abc(a|b|c)*,huge,parallel,2,3.06362782,0.2218,0.1109,,
full,abc_contains_tail,(a|b|c)*abc(a|b|c)*,huge,parallel,4,1.67649862,0.4053,0.1013,,
full,abc_contains_tail,(a|b|c)*abc(a|b|c)*,huge,parallel,8,1.25102625,0.5431,0.0679,,
full,abc_contains_tail,(a|b|c)*abc(a|b|c)*,huge,pruned,1,0.68260528,0.9954,0.9954,,
full,abc_contains_tail,(a|b|c)*abc(a|b|c)*,huge,pruned,16,0.34569508,1.9655,0.1228,2.00,2
full,abc_contains_tail,(a|b|c)*abc(a|b|c)*,huge,pruned,2,0.86494561,0.7856,0.3928,2.00,2
full,abc_contains_tail,(a|b|c)*abc(a|b|c)*,huge,pruned,4,0.55505393,1.2242,0.3060,2.00,2
full,abc_contains_tail,(a|b|c)*abc(a|b|c)*,huge,pruned,8,0.42899944,1.5839,0.1980,2.00,2
full,abc_contains_tail,(a|b|c)*abc(a|b|c)*,huge,sequential,1,0.67948013,1.0000,1.0000,,
full,abc_contains_tail,(a|b|c)*abc(a|b|c)*,huge,sfa,1,0.68680251,0.9893,0.9893,,
full,abc_contains_tail,(a|b|c)*abc(a|b|c)*,huge,sfa,16,0.24232563,2.8040,0.1752,,
full,abc_contains_tail,(a|b|c)*abc(a|b|c)*,huge,sfa,2,0.46330056,1.4666,0.7333,,
full,abc_contains_tail,(a|b|c)*abc(a|b|c)*,huge,sfa,4,0.34616131,1.9629,0.4907,,
full,abc_contains_tail,(a|b|c)*abc(a|b|c)*,huge,sfa,8,0.28054382,2.4220,0.3028,,
full,abc_contains_tail,(a|b|c)*abc(a|b|c)*,large,parallel,1,0.07630878,0.9999,0.9999,,
full,abc_contains_tail,(a|b|c)*abc(a|b|c)*,large,parallel,16,0.09332171,0.8176,0.0511,,
full,abc_contains_tail,(a|b|c)*abc(a|b|c)*,large,parallel,2,0.31984346,0.2385,0.1193,,
full,abc_contains_tail,(a|b|c)*abc(a|b|c)*,large,parallel,4,0.18559060,0.4111,0.1028,,
full,abc_contains_tail,(a|b|c)*abc(a|b|c)*,large,parallel,8,0.13468909,0.5665,0.0708,,
full,abc_contains_tail,(a|b|c)*abc(a|b|c)*,large,pruned,1,0.07697331,0.9912,0.9912,,
full,abc_contains_tail,(a|b|c)*abc(a|b|c)*,large,pruned,16,0.04265012,1.7889,0.1118,2.00,2
full,abc_contains_tail,(a|b|c)*abc(a|b|c)*,large,pruned,2,0.09673426,0.7887,0.3944,2.00,2
full,abc_contains_tail,(a|b|c)*abc(a|b|c)*,large,pruned,4,0.06762669,1.1282,0.2821,2.00,2
full,abc_contains_tail,(a|b|c)*abc(a|b|c)*,large,pruned,8,0.05488799,1.3901,0.1738,2.00,2
full,abc_contains_tail,(a|b|c)*abc(a|b|c)*,large,sequential,1,0.07629820,1.0000,1.0000,,
full,abc_contains_tail,(a|b|c)*abc(a|b|c)*,large,sfa,1,0.07628264,1.0002,1.0002,,
full,abc_contains_tail,(a|b|c)*abc(a|b|c)*,large,sfa,16,0.02933998,2.6005,0.1625,,
full,abc_contains_tail,(a|b|c)*abc(a|b|c)*,large,sfa,2,0.05520324,1.3821,0.6911,,
full,abc_contains_tail,(a|b|c)*abc(a|b|c)*,large,sfa,4,0.04218112,1.8088,0.4522,,
full,abc_contains_tail,(a|b|c)*abc(a|b|c)*,large,sfa,8,0.03641430,2.0953,0.2619,,
full,abc_contains_tail,(a|b|c)*abc(a|b|c)*,medium,parallel,1,0.00385374,1.0511,1.0511,,
full,abc_contains_tail,(a|b|c)*abc(a|b|c)*,medium,parallel,16,0.00462264,0.8763,0.0548,,
full,abc_contains_tail,(a|b|c)*abc(a|b|c)*,medium,parallel,2,0.01117809,0.3624,0.1812,,
full,abc_contains_tail,(a|b|c)*abc(a|b|c)*,medium,parallel,4,0.00854420,0.4741,0.1185,,
full,abc_contains_tail,(a|b|c)*abc(a|b|c)*,medium,parallel,8,0.00562494,0.7202,0.0900,,
full,abc_contains_tail,(a|b|c)*abc(a|b|c)*,medium,pruned,1,0.00351446,1.1526,1.1526,,
full,abc_contains_tail,(a|b|c)*abc(a|b|c)*,medium,pruned,16,0.00353419,1.1462,0.0716,2.00,2
full,abc_contains_tail,(a|b|c)*abc(a|b|c)*,medium,pruned,2,0.00503645,0.8043,0.4022,2.00,2
full,abc_contains_tail,(a|b|c)*abc(a|b|c)*,medium,pruned,4,0.00430741,0.9404,0.2351,2.00,2
full,abc_contains_tail,(a|b|c)*abc(a|b|c)*,medium,pruned,8,0.00386625,1.0477,0.1310,2.00,2
full,abc_contains_tail,(a|b|c)*abc(a|b|c)*,medium,sequential,1,0.00405083,1.0000,1.0000,,
full,abc_contains_tail,(a|b|c)*abc(a|b|c)*,medium,sfa,1,0.00418883,0.9671,0.9671,,
full,abc_contains_tail,(a|b|c)*abc(a|b|c)*,medium,sfa,16,0.00283271,1.4300,0.0894,,
full,abc_contains_tail,(a|b|c)*abc(a|b|c)*,medium,sfa,2,0.00343803,1.1782,0.5891,,
full,abc_contains_tail,(a|b|c)*abc(a|b|c)*,medium,sfa,4,0.00316188,1.2811,0.3203,,
full,abc_contains_tail,(a|b|c)*abc(a|b|c)*,medium,sfa,8,0.00292710,1.3839,0.1730,,
full,abc_star,(a|b|c)*,gigantic,parallel,1,1.36765426,0.9949,0.9949,,
full,abc_star,(a|b|c)*,gigantic,parallel,16,0.86615672,1.5709,0.0982,,
full,abc_star,(a|b|c)*,gigantic,parallel,2,2.56823872,0.5298,0.2649,,
full,abc_star,(a|b|c)*,gigantic,parallel,4,1.53282864,0.8877,0.2219,,
full,abc_star,(a|b|c)*,gigantic,parallel,8,1.22886435,1.1073,0.1384,,
full,abc_star,(a|b|c)*,gigantic,pruned,1,1.37244770,0.9914,0.9914,,
full,abc_star,(a|b|c)*,gigantic,pruned,16,0.58698434,2.3181,0.1449,1.00,1
full,abc_star,(a|b|c)*,gigantic,pruned,2,1.36215626,0.9989,0.4995,1.00,1
full,abc_star,(a|b|c)*,gigantic,pruned,4,0.88250062,1.5418,0.3855,1.00,1
full,abc_star,(a|b|c)*,gigantic,pruned,8,0.73238185,1.8579,0.2322,1.00,1
full,abc_star,(a|b|c)*,gigantic,sequential,1,1.36066593,1.0000,1.0000,,
full,abc_star,(a|b|c)*,gigantic,sfa,1,1.36186538,0.9991,0.9991,,
full,abc_star,(a|b|c)*,gigantic,sfa,16,0.47608862,2.8580,0.1786,,
full,abc_star,(a|b|c)*,gigantic,sfa,2,0.89740296,1.5162,0.7581,,
full,abc_star,(a|b|c)*,gigantic,sfa,4,0.65911836,2.0644,0.5161,,
full,abc_star,(a|b|c)*,gigantic,sfa,8,0.54302156,2.5057,0.3132,,
full,abc_star,(a|b|c)*,huge,parallel,1,0.68665298,0.9997,0.9997,,
full,abc_star,(a|b|c)*,huge,parallel,16,0.46441368,1.4780,0.0924,,
full,abc_star,(a|b|c)*,huge,parallel,2,1.29252187,0.5311,0.2655,,
full,abc_star,(a|b|c)*,huge,parallel,4,0.76529561,0.8969,0.2242,,
full,abc_star,(a|b|c)*,huge,parallel,8,0.62519683,1.0979,0.1372,,
full,abc_star,(a|b|c)*,huge,pruned,1,0.68082742,1.0082,1.0082,,
full,abc_star,(a|b|c)*,huge,pruned,16,0.29005475,2.3665,0.1479,1.00,1
full,abc_star,(a|b|c)*,huge,pruned,2,0.68399382,1.0036,0.5018,1.00,1
full,abc_star,(a|b|c)*,huge,pruned,4,0.46172290,1.4867,0.3717,1.00,1
full,abc_star,(a|b|c)*,huge,pruned,8,0.36260951,1.8930,0.2366,1.00,1
full,abc_star,(a|b|c)*,huge,sequential,1,0.68642259,1.0000,1.0000,,
full,abc_star,(a|b|c)*,huge,sfa,1,0.68865460,0.9968,0.9968,,
full,abc_star,(a|b|c)*,huge,sfa,16,0.24475318,2.8046,0.1753,,
full,abc_star,(a|b|c)*,huge,sfa,2,0.45107127,1.5218,0.7609,,
full,abc_star,(a|b|c)*,huge,sfa,4,0.33880981,2.0260,0.5065,,
full,abc_star,(a|b|c)*,huge,sfa,8,0.27832155,2.4663,0.3083,,
full,abc_star,(a|b|c)*,large,parallel,1,0.07606935,1.0074,1.0074,,
full,abc_star,(a|b|c)*,large,parallel,16,0.05349649,1.4325,0.0895,,
full,abc_star,(a|b|c)*,large,parallel,2,0.14131829,0.5423,0.2711,,
full,abc_star,(a|b|c)*,large,parallel,4,0.09417790,0.8137,0.2034,,
full,abc_star,(a|b|c)*,large,parallel,8,0.07183929,1.0667,0.1333,,
full,abc_star,(a|b|c)*,large,pruned,1,0.07675012,0.9985,0.9985,,
full,abc_star,(a|b|c)*,large,pruned,16,0.03638723,2.1060,0.1316,1.00,1
full,abc_star,(a|b|c)*,large,pruned,2,0.07897819,0.9703,0.4851,1.00,1
full,abc_star,(a|b|c)*,large,pruned,4,0.06088405,1.2587,0.3147,1.00,1
full,abc_star,(a|b|c)*,large,pruned,8,0.04620293,1.6586,0.2073,1.00,1
full,abc_star,(a|b|c)*,large,sequential,1,0.07663171,1.0000,1.0000,,
full,abc_star,(a|b|c)*,large,sfa,1,0.07777840,0.9853,0.9853,,
full,abc_star,(a|b|c)*,large,sfa,16,0.02937345,2.6089,0.1631,,
full,abc_star,(a|b|c)*,large,sfa,2,0.05269609,1.4542,0.7271,,
full,abc_star,(a|b|c)*,large,sfa,4,0.04194006,1.8272,0.4568,,
full,abc_star,(a|b|c)*,large,sfa,8,0.03601371,2.1278,0.2660,,
full,abc_star,(a|b|c)*,medium,parallel,1,0.00362463,1.1339,1.1339,,
full,abc_star,(a|b|c)*,medium,parallel,16,0.00346164,1.1873,0.0742,,
full,abc_star,(a|b|c)*,medium,parallel,2,0.00654160,0.6283,0.3141,,
full,abc_star,(a|b|c)*,medium,parallel,4,0.00493530,0.8327,0.2082,,
full,abc_star,(a|b|c)*,medium,parallel,8,0.00372297,1.1039,0.1380,,
full,abc_star,(a|b|c)*,medium,pruned,1,0.00351724,1.1685,1.1685,,
full,abc_star,(a|b|c)*,medium,pruned,16,0.00349690,1.1753,0.0735,1.00,1
full,abc_star,(a|b|c)*,medium,pruned,2,0.00413276,0.9945,0.4972,1.00,1
full,abc_star,(a|b|c)*,medium,pruned,4,0.00367769,1.1175,0.2794,1.00,1
full,abc_star,(a|b|c)*,medium,pruned,8,0.00307538,1.3364,0.1670,1.00,1
full,abc_star,(a|b|c)*,medium,sequential,1,0.00410984,1.0000,1.0000,,
full,abc_star,(a|b|c)*,medium,sfa,1,0.00387909,1.0595,1.0595,,
full,abc_star,(a|b|c)*,medium,sfa,16,0.00284791,1.4431,0.0902,,
full,abc_star,(a|b|c)*,medium,sfa,2,0.00325667,1.2620,0.6310,,
full,abc_star,(a|b|c)*,medium,sfa,4,0.00311187,1.3207,0.3302,,
full,abc_star,(a|b|c)*,medium,sfa,8,0.00296884,1.3843,0.1730,,
search,aaa_search,aaa,gigantic,parallel,1,1.48696853,0.9816,0.9816,,
search,aaa_search,aaa,gigantic,parallel,16,0.96922651,1.5059,0.0941,,
search,aaa_search,aaa,gigantic,parallel,2,2.67938816,0.5447,0.2724,,
search,aaa_search,aaa,gigantic,parallel,4,1.61199697,0.9054,0.2264,,
search,aaa_search,aaa,gigantic,parallel,8,1.12028274,1.3028,0.1629,,
search,aaa_search,aaa,gigantic,pruned,1,1.51285569,0.9648,0.9648,,
search,aaa_search,aaa,gigantic,pruned,16,0.72157763,2.0227,0.1264,1.00,1
search,aaa_search,aaa,gigantic,pruned,2,1.47724346,0.9880,0.4940,1.00,1
search,aaa_search,aaa,gigantic,pruned,4,1.01083964,1.4439,0.3610,1.00,1
search,aaa_search,aaa,gigantic,pruned,8,0.78645947,1.8558,0.2320,1.00,1
search,aaa_search,aaa,gigantic,sequential,1,1.45954176,1.0000,1.0000,,
search,aaa_search,aaa,gigantic,sfa,1,1.49161389,0.9785,0.9785,,
search,aaa_search,aaa,gigantic,sfa,16,0.61792760,2.3620,0.1476,,
search,aaa_search,aaa,gigantic,sfa,2,1.02153718,1.4288,0.7144,,
search,aaa_search,aaa,gigantic,sfa,4,0.79327170,1.8399,0.4600,,
search,aaa_search,aaa,gigantic,sfa,8,0.66996901,2.1785,0.2723,,
search,aaa_search,aaa,huge,parallel,1,0.75746678,0.9793,0.9793,,
search,aaa_search,aaa,huge,parallel,16,0.50183021,1.4781,0.0924,,
search,aaa_search,aaa,huge,parallel,2,1.34185783,0.5528,0.2764,,
search,aaa_search,aaa,huge,parallel,4,0.80939487,0.9164,0.2291,,
search,aaa_search,aaa,huge,parallel,8,0.58145148,1.2757,0.1595,,
search,aaa_search,aaa,huge,pruned,1,0.76313510,0.9720,0.9720,,
search,aaa_search,aaa,huge,pruned,16,0.37098952,1.9994,0.1250,1.00,1
search,aaa_search,aaa,huge,pruned,2,0.74564299,0.9948,0.4974,1.00,1
search,aaa_search,aaa,huge,pruned,4,0.53393052,1.3892,0.3473,1.00,1
search,aaa_search,aaa,huge,pruned,8,0.41503132,1.7872,0.2234,1.00,1
search,aaa_search,aaa,huge,sequential,1,0.74175626,1.0000,1.0000,,
search,aaa_search,aaa,huge,sfa,1,0.77204082,0.9608,0.9608,,
search,aaa_search,aaa,huge,sfa,16,0.32235925,2.3010,0.1438,,
search,aaa_search,aaa,huge,sfa,2,0.53110245,1.3966,0.6983,,
search,aaa_search,aaa,huge,sfa,4,0.40709046,1.8221,0.4555,,
search,aaa_search,aaa,huge,sfa,8,0.35321341,2.1000,0.2625,,
search,aaa_search,aaa,large,parallel,1,0.08136812,0.9921,0.9921,,
search,aaa_search,aaa,large,parallel,16,0.06163977,1.3096,0.0818,,
search,aaa_search,aaa,large,parallel,2,0.14918211,0.5411,0.2705,,
search,aaa_search,aaa,large,parallel,4,0.09539586,0.8462,0.2115,,
search,aaa_search,aaa,large,parallel,8,0.07598426,1.0623,0.1328,,
search,aaa_search,aaa,large,pruned,1,0.08157318,0.9896,0.9896,,
search,aaa_search,aaa,large,pruned,16,0.04459254,1.8102,0.1131,1.00,1
search,aaa_search,aaa,large,pruned,2,0.08650704,0.9331,0.4666,1.00,1
search,aaa_search,aaa,large,pruned,4,0.06564901,1.2296,0.3074,1.00,1
search,aaa_search,aaa,large,pruned,8,0.05333799,1.5134,0.1892,1.00,1
search,aaa_search,aaa,large,sequential,1,0.08072140,1.0000,1.0000,,
search,aaa_search,aaa,large,sfa,1,0.08366497,0.9648,0.9648,,
search,aaa_search,aaa,large,sfa,16,0.03785111,2.1326,0.1333,,
search,aaa_search,aaa,large,sfa,2,0.06194336,1.3031,0.6516,,
search,aaa_search,aaa,large,sfa,4,0.05026833,1.6058,0.4015,,
search,aaa_search,aaa,large,sfa,8,0.04432238,1.8212,0.2277,,
search,aaa_search,aaa,medium,parallel,1,0.00398598,0.9358,0.9358,,
search,aaa_search,aaa,medium,parallel,16,0.00338403,1.1023,0.0689,,
search,aaa_search,aaa,medium,parallel,2,0.00710096,0.5253,0.2626,,
search,aaa_search,aaa,medium,parallel,4,0.00476828,0.7823,0.1956,,
search,aaa_search,aaa,medium,parallel,8,0.00395453,0.9432,0.1179,,
search,aaa_search,aaa,medium,pruned,1,0.00338013,1.1035,1.1035,,
search,aaa_search,aaa,medium,pruned,16,0.00312909,1.1921,0.0745,1.00,1
search,aaa_search,aaa,medium,pruned,2,0.00401135,0.9299,0.4649,1.00,1
search,aaa_search,aaa,medium,pruned,4,0.00346324,1.0771,0.2693,1.00,1
search,aaa_search,aaa,medium,pruned,8,0.00320771,1.1629,0.1454,1.00,1
search,aaa_search,aaa,medium,sequential,1,0.00373011,1.0000,1.0000,,
search,aaa_search,aaa,medium,sfa,1,0.00354067,1.0535,1.0535,,
search,aaa_search,aaa,medium,sfa,16,0.00291137,1.2812,0.0801,,
search,aaa_search,aaa,medium,sfa,2,0.00291663,1.2789,0.6395,,
search,aaa_search,aaa,medium,sfa,4,0.00304646,1.2244,0.3061,,
search,aaa_search,aaa,medium,sfa,8,0.00280856,1.3281,0.1660,,
search,abc_block_search,ab*cac*b,gigantic,parallel,1,1.52527492,0.9933,0.9933,,
search,abc_block_search,ab*cac*b,gigantic,parallel,16,2.37755796,0.6372,0.0398,,
search,abc_block_search,ab*cac*b,gigantic,parallel,2,11.47771000,0.1320,0.0660,,
search,abc_block_search,ab*cac*b,gigantic,parallel,4,6.01951963,0.2517,0.0629,,
search,abc_block_search,ab*cac*b,gigantic,parallel,8,3.97162798,0.3815,0.0477,,
search,abc_block_search,ab*cac*b,gigantic,pruned,1,1.51110681,1.0026,1.0026,,
search,abc_block_search,ab*cac*b,gigantic,pruned,16,0.96212643,1.5747,0.0984,2.33,4
search,abc_block_search,ab*cac*b,gigantic,pruned,2,1.86562915,0.8121,0.4060,2.00,2
search,abc_block_search,ab*cac*b,gigantic,pruned,4,1.23419422,1.2276,0.3069,2.00,2
search,abc_block_search,ab*cac*b,gigantic,pruned,8,1.13832312,1.3310,0.1664,2.29,4
search,abc_block_search,ab*cac*b,gigantic,sequential,1,1.51505332,1.0000,1.0000,,
search,abc_block_search,ab*cac*b,gigantic,sfa,1,1.51721825,0.9986,0.9986,,
search,abc_block_search,ab*cac*b,gigantic,sfa,16,0.61173959,2.4766,0.1548,,
search,abc_block_search,ab*cac*b,gigantic,sfa,2,1.05675200,1.4337,0.7168,,
search,abc_block_search,ab*cac*b,gigantic,sfa,4,0.79999866,1.8938,0.4735,,
search,abc_block_search,ab*cac*b,gigantic,sfa,8,0.71925078,2.1064,0.2633,,
search,abc_block_search,ab*cac*b,huge,parallel,1,0.76508632,0.9971,0.9971,,
search,abc_block_search,ab*cac*b,huge,parallel,16,1.19876281,0.6364,0.0398,,
search,abc_block_search,ab*cac*b,huge,parallel,2,5.74634892,0.1328,0.0664,,
search,abc_block_search,ab*cac*b,huge,parallel,4,3.03976157,0.2510,0.0627,,
search,abc_block_search,ab*cac*b,huge,parallel,8,1.91679279,0.3980,0.0497,,
search,abc_block_search,ab*cac*b,huge,pruned,1,0.77109337,0.9893,0.9893,,
search,abc_block_search,ab*cac*b,huge,pruned,16,0.48664980,1.5675,0.0980,2.73,4
search,abc_block_search,ab*cac*b,huge,pruned,2,0.94771505,0.8049,0.4025,2.00,2
search,abc_block_search,ab*cac*b,huge,pruned,4,0.86452244,0.8824,0.2206,2.67,4
search,abc_block_search,ab*cac*b,huge,pruned,8,0.59177278,1.2891,0.1611,2.57,4
search,abc_block_search,ab*cac*b,huge,sequential,1,0.76284498,1.0000,1.0000,,
search,abc_block_search,ab*cac*b,huge,sfa,1,0.76712659,0.9944,0.9944,,
search,abc_block_search,ab*cac*b,huge,sfa,16,0.31265397,2.4399,0.1525,,
search,abc_block_search,ab*cac*b,huge,sfa,2,0.53342654,1.4301,0.7150,,
search,abc_block_search,ab*cac*b,huge,sfa,4,0.41666475,1.8308,0.4577,,
search,abc_block_search,ab*cac*b,huge,sfa,8,0.35957610,2.1215,0.2652,,
search,abc_block_search,ab*cac*b,large,parallel,1,0.08216538,1.0331,1.0331,,
search,abc_block_search,ab*cac*b,large,parallel,16,0.13981705,0.6071,0.0379,,
search,abc_block_search,ab*cac*b,large,parallel,2,0.58884761,0.1441,0.0721,,
search,abc_block_search,ab*cac*b,large,parallel,4,0.32036387,0.2650,0.0662,,
search,abc_block_search,ab*cac*b,large,parallel,8,0.21488165,0.3950,0.0494,,
search,abc_block_search,ab*cac*b,large,pruned,1,0.08883547,0.9555,0.9555,,
search,abc_block_search,ab*cac*b,large,pruned,16,0.06121628,1.3866,0.0867,2.27,4
search,abc_block_search,ab*cac*b,large,pruned,2,0.11365519,0.7468,0.3734,2.00,2
search,abc_block_search,ab*cac*b,large,pruned,4,0.08141602,1.0426,0.2606,2.00,2
search,abc_block_search,ab*cac*b,large,pruned,8,0.07687431,1.1042,0.1380,2.29,4
search,abc_block_search,ab*cac*b,large,sequential,1,0.08488231,1.0000,1.0000,,
search,abc_block_search,ab*cac*b,large,sfa,1,0.08263097,1.0272,1.0272,,
search,abc_block_search,ab*cac*b,large,sfa,16,0.03808054,2.2290,0.1393,,
search,abc_block_search,ab*cac*b,large,sfa,2,0.06301920,1.3469,0.6735,,
search,abc_block_search,ab*cac*b,large,sfa,4,0.05175298,1.6401,0.4100,,
search,abc_block_search,ab*cac*b,large,sfa,8,0.04169114,2.0360,0.2545,,
search,abc_block_search,ab*cac*b,medium,parallel,1,0.00415014,1.0458,1.0458,,
search,abc_block_search,ab*cac*b,medium,parallel,16,0.00446902,0.9711,0.0607,,
search,abc_block_search,ab*cac*b,medium,parallel,2,0.01705206,0.2545,0.1273,,
search,abc_block_search,ab*cac*b,medium,parallel,4,0.01088387,0.3988,0.0997,,
search,abc_block_search,ab*cac*b,medium,parallel,8,0.00694041,0.6253,0.0782,,
search,abc_block_search,ab*cac*b,medium,pruned,1,0.00398090,1.0902,1.0902,,
search,abc_block_search,ab*cac*b,medium,pruned,16,0.00418163,1.0379,0.0649,2.67,4
search,abc_block_search,ab*cac*b,medium,pruned,2,0.00514536,0.8435,0.4217,2.00,2
search,abc_block_search,ab*cac*b,medium,pruned,4,0.00478953,0.9061,0.2265,2.67,4
search,abc_block_search,ab*cac*b,medium,pruned,8,0.00431955,1.0047,0.1256,2.86,4
search,abc_block_search,ab*cac*b,medium,sequential,1,0.00434002,1.0000,1.0000,,
search,abc_block_search,ab*cac*b,medium,sfa,1,0.00359552,1.2071,1.2071,,
search,abc_block_search,ab*cac*b,medium,sfa,16,0.00320213,1.3554,0.0847,,
search,abc_block_search,ab*cac*b,medium,sfa,2,0.00364171,1.1918,0.5959,,
search,abc_block_search,ab*cac*b,medium,sfa,4,0.00332901,1.3037,0.3259,,
search,abc_block_search,ab*cac*b,medium,sfa,8,0.00419322,1.0350,0.1294,,
search,abc_search,abc,gigantic,parallel,1,1.50651226,1.0036,1.0036,,
search,abc_search,abc,gigantic,parallel,16,1.25404896,1.2056,0.0754,,
search,abc_search,abc,gigantic,parallel,2,4.20017771,0.3600,0.1800,,
search,abc_search,abc,gigantic,parallel,4,2.41391850,0.6263,0.1566,,
search,abc_search,abc,gigantic,parallel,8,1.51176876,1.0001,0.1250,,
search,abc_search,abc,gigantic,pruned,1,1.46079495,1.0350,1.0350,,
search,abc_search,abc,gigantic,pruned,16,0.78093459,1.9360,0.1210,1.87,2
search,abc_search,abc,gigantic,pruned,2,1.81259779,0.8341,0.4171,2.00,2
search,abc_search,abc,gigantic,pruned,4,1.18864827,1.2720,0.3180,2.00,2
search,abc_search,abc,gigantic,pruned,8,0.91676947,1.6492,0.2061,1.86,2
search,abc_search,abc,gigantic,sequential,1,1.51191337,1.0000,1.0000,,
search,abc_search,abc,gigantic,sfa,1,1.48501174,1.0181,1.0181,,
search,abc_search,abc,gigantic,sfa,16,0.61346872,2.4645,0.1540,,
search,abc_search,abc,gigantic,sfa,2,1.01029091,1.4965,0.7483,,
search,abc_search,abc,gigantic,sfa,4,0.75856112,1.9931,0.4983,,
search,abc_search,abc,gigantic,sfa,8,0.66388197,2.2774,0.2847,,
search,abc_search,abc,huge,parallel,1,0.75715898,0.9834,0.9834,,
search,abc_search,abc,huge,parallel,16,0.62357983,1.1940,0.0746,,
search,abc_search,abc,huge,parallel,2,2.09934288,0.3547,0.1773,,
search,abc_search,abc,huge,parallel,4,1.19430352,0.6234,0.1559,,
search,abc_search,abc,huge,parallel,8,0.79136808,0.9409,0.1176,,
search,abc_search,abc,huge,pruned,1,0.73409756,1.0143,1.0143,,
search,abc_search,abc,huge,pruned,16,0.41515712,1.7935,0.1121,1.93,2
search,abc_search,abc,huge,pruned,2,0.92154249,0.8080,0.4040,2.00,2
search,abc_search,abc,huge,pruned,4,0.60078212,1.2393,0.3098,2.00,2
search,abc_search,abc,huge,pruned,8,0.46819868,1.5903,0.1988,1.86,2
search,abc_search,abc,huge,sequential,1,0.74456847,1.0000,1.0000,,
search,abc_search,abc,huge,sfa,1,0.75626632,0.9845,0.9845,,
search,abc_search,abc,huge,sfa,16,0.30987943,2.4028,0.1502,,
search,abc_search,abc,huge,sfa,2,0.52374277,1.4216,0.7108,,
search,abc_search,abc,huge,sfa,4,0.39977418,1.8625,0.4656,,
search,abc_search,abc,huge,sfa,8,0.35095282,2.1216,0.2652,,
search,abc_search,abc,large,parallel,1,0.08449264,0.9620,0.9620,,
search,abc_search,abc,large,parallel,16,0.07662922,1.0607,0.0663,,
search,abc_search,abc,large,parallel,2,0.22223450,0.3657,0.1829,,
search,abc_search,abc,large,parallel,4,0.13538028,0.6004,0.1501,,
search,abc_search,abc,large,parallel,8,0.09713731,0.8367,0.1046,,
search,abc_search,abc,large,pruned,1,0.08183367,0.9932,0.9932,,
search,abc_search,abc,large,pruned,16,0.05262290,1.5446,0.0965,1.87,2
search,abc_search,abc,large,pruned,2,0.10189078,0.7977,0.3989,2.00,2
search,abc_search,abc,large,pruned,4,0.07655230,1.0618,0.2654,2.00,2
search,abc_search,abc,large,pruned,8,0.06385093,1.2730,0.1591,2.00,2
search,abc_search,abc,large,sequential,1,0.08127955,1.0000,1.0000,,
search,abc_search,abc,large,sfa,1,0.08822949,0.9212,0.9212,,
search,abc_search,abc,large,sfa,16,0.03856131,2.1078,0.1317,,
search,abc_search,abc,large,sfa,2,0.06165114,1.3184,0.6592,,
search,abc_search,abc,large,sfa,4,0.05053164,1.6085,0.4021,,
search,abc_search,abc,large,sfa,8,0.04196154,1.9370,0.2421,,
search,abc_search,abc,medium,parallel,1,0.00397734,1.1109,1.1109,,
search,abc_search,abc,medium,parallel,16,0.00379040,1.1657,0.0729,,
search,abc_search,abc,medium,parallel,2,0.00927211,0.4765,0.2383,,
search,abc_search,abc,medium,parallel,4,0.00659380,0.6701,0.1675,,
search,abc_search,abc,medium,parallel,8,0.00467403,0.9453,0.1182,,
search,abc_search,abc,medium,pruned,1,0.00353188,1.2510,1.2510,,
search,abc_search,abc,medium,pruned,16,0.00353298,1.2507,0.0782,2.00,2
search,abc_search,abc,medium,pruned,2,0.00426813,1.0352,0.5176,2.00,2
search,abc_search,abc,medium,pruned,4,0.00395785,1.1164,0.2791,2.00,2
search,abc_search,abc,medium,pruned,8,0.00355592,1.2426,0.1553,2.00,2
search,abc_search,abc,medium,sequential,1,0.00441853,1.0000,1.0000,,
search,abc_search,abc,medium,sfa,1,0.00360356,1.2262,1.2262,,
search,abc_search,abc,medium,sfa,16,0.00320819,1.3773,0.0861,,
search,abc_search,abc,medium,sfa,2,0.00302858,1.4589,0.7295,,
search,abc_search,abc,medium,sfa,4,0.00308624,1.4317,0.3579,,
search,abc_search,abc,medium,sfa,8,0.00315226,1.4017,0.1752,,
search,abc_tail_search,(a|b|c)*abc,gigantic,parallel,1,1.48954742,0.9908,0.9908,,
search,abc_tail_search,(a|b|c)*abc,gigantic,parallel,16,1.60712236,0.9183,0.0574,,
search,abc_tail_search,(a|b|c)*abc,gigantic,parallel,2,5.73826654,0.2572,0.1286,,
search,abc_tail_search,(a|b|c)*abc,gigantic,parallel,4,3.27827156,0.4502,0.1125,,
search,abc_tail_search,(a|b|c)*abc,gigantic,parallel,8,2.14865722,0.6869,0.0859,,
search,abc_tail_search,(a|b|c)*abc,gigantic,pruned,1,1.49995054,0.9839,0.9839,,
search,abc_tail_search,(a|b|c)*abc,gigantic,pruned,16,0.79926230,1.8465,0.1154,1.87,2
search,abc_tail_search,(a|b|c)*abc,gigantic,pruned,2,1.86681889,0.7906,0.3953,2.00,2
search,abc_tail_search,(a|b|c)*abc,gigantic,pruned,4,1.23791027,1.1922,0.2981,2.00,2
search,abc_tail_search,(a|b|c)*abc,gigantic,pruned,8,0.99709834,1.4801,0.1850,1.86,2
search,abc_tail_search,(a|b|c)*abc,gigantic,sequential,1,1.47584653,1.0000,1.0000,,
search,abc_tail_search,(a|b|c)*abc,gigantic,sfa,1,1.53091572,0.9640,0.9640,,
search,abc_tail_search,(a|b|c)*abc,gigantic,sfa,16,0.61403817,2.4035,0.1502,,
search,abc_tail_search,(a|b|c)*abc,gigantic,sfa,2,1.03983124,1.4193,0.7097,,
search,abc_tail_search,(a|b|c)*abc,gigantic,sfa,4,0.82093855,1.7978,0.4494,,
search,abc_tail_search,(a|b|c)*abc,gigantic,sfa,8,0.70410600,2.0961,0.2620,,
search,abc_tail_search,(a|b|c)*abc,huge,parallel,1,0.74138948,1.0036,1.0036,,
search,abc_tail_search,(a|b|c)*abc,huge,parallel,16,0.78803755,0.9442,0.0590,,
search,abc_tail_search,(a|b|c)*abc,huge,parallel,2,2.84939538,0.2611,0.1306,,
search,abc_tail_search,(a|b|c)*abc,huge,parallel,4,1.59342603,0.4670,0.1167,,
search,abc_tail_search,(a|b|c)*abc,huge,parallel,8,0.98521372,0.7553,0.0944,,
search,abc_tail_search,(a|b|c)*abc,huge,pruned,1,0.74389173,1.0003,1.0003,,
search,abc_tail_search,(a|b|c)*abc,huge,pruned,16,0.41705197,1.7842,0.1115,1.93,2
search,abc_tail_search,(a|b|c)*abc,huge,pruned,2,0.92269208,0.8064,0.4032,2.00,2
search,abc_tail_search,(a|b|c)*abc,huge,pruned,4,0.61062730,1.2186,0.3046,2.00,2
search,abc_tail_search,(a|b|c)*abc,huge,pruned,8,0.46892291,1.5868,0.1984,1.86,2
search,abc_tail_search,(a|b|c)*abc,huge,sequential,1,0.74409157,1.0000,1.0000,,
search,abc_tail_search,(a|b|c)*abc,huge,sfa,1,0.74175845,1.0031,1.0031,,
search,abc_tail_search,(a|b|c)*abc,huge,sfa,16,0.31592157,2.3553,0.1472,,
search,abc_tail_search,(a|b|c)*abc,huge,sfa,2,0.50854592,1.4632,0.7316,,
search,abc_tail_search,(a|b|c)*abc,huge,sfa,4,0.41220125,1.8052,0.4513,,
search,abc_tail_search,(a|b|c)*abc,huge,sfa,8,0.33050562,2.2514,0.2814,,
search,abc_tail_search,(a|b|c)*abc,large,parallel,1,0.08693493,0.9352,0.9352,,
search,abc_tail_search,(a|b|c)*abc,large,parallel,16,0.09177669,0.8859,0.0554,,
search,abc_tail_search,(a|b|c)*abc,large,parallel,2,0.30035667,0.2707,0.1353,,
search,abc_tail_search,(a|b|c)*abc,large,parallel,4,0.17461610,0.4656,0.1164,,
search,abc_tail_search,(a|b|c)*abc,large,parallel,8,0.12691021,0.6406,0.0801,,
search,abc_tail_search,(a|b|c)*abc,large,pruned,1,0.08069547,1.0075,1.0075,,
search,abc_tail_search,(a|b|c)*abc,large,pruned,16,0.05239182,1.5518,0.0970,1.87,2
search,abc_tail_search,(a|b|c)*abc,large,pruned,2,0.10017042,0.8117,0.4058,2.00,2
search,abc_tail_search,(a|b|c)*abc,large,pruned,4,0.07402189,1.0984,0.2746,2.00,2
search,abc_tail_search,(a|b|c)*abc,large,pruned,8,0.06334888,1.2834,0.1604,2.00,2
search,abc_tail_search,(a|b|c)*abc,large,sequential,1,0.08130380,1.0000,1.0000,,
search,abc_tail_search,(a|b|c)*abc,large,sfa,1,0.08203666,0.9911,0.9911,,
search,abc_tail_search,(a|b|c)*abc,large,sfa,16,0.03765262,2.1593,0.1350,,
search,abc_tail_search,(a|b|c)*abc,large,sfa,2,0.05880120,1.3827,0.6913,,
search,abc_tail_search,(a|b|c)*abc,large,sfa,4,0.04590632,1.7711,0.4428,,
search,abc_tail_search,(a|b|c)*abc,large,sfa,8,0.04279808,1.8997,0.2375,,
search,abc_tail_search,(a|b|c)*abc,medium,parallel,1,0.00391640,1.1142,1.1142,,
search,abc_tail_search,(a|b|c)*abc,medium,parallel,16,0.00395509,1.1033,0.0690,,
search,abc_tail_search,(a|b|c)*abc,medium,parallel,2,0.01074380,0.4062,0.2031,,
search,abc_tail_search,(a|b|c)*abc,medium,parallel,4,0.00746806,0.5843,0.1461,,
search,abc_tail_search,(a|b|c)*abc,medium,parallel,8,0.00538383,0.8105,0.1013,,
search,abc_tail_search,(a|b|c)*abc,medium,pruned,1,0.00338670,1.2885,1.2885,,
search,abc_tail_search,(a|b|c)*abc,medium,pruned,16,0.00315460,1.3833,0.0865,2.00,2
search,abc_tail_search,(a|b|c)*abc,medium,pruned,2,0.00482868,0.9037,0.4519,2.00,2
search,abc_tail_search,(a|b|c)*abc,medium,pruned,4,0.00400816,1.0887,0.2722,2.00,2
search,abc_tail_search,(a|b|c)*abc,medium,pruned,8,0.00348911,1.2507,0.1563,2.00,2
search,abc_tail_search,(a|b|c)*abc,medium,sequential,1,0.00436375,1.0000,1.0000,,
search,abc_tail_search,(a|b|c)*abc,medium,sfa,1,0.00380322,1.1474,1.1474,,
search,abc_tail_search,(a|b|c)*abc,medium,sfa,16,0.00321821,1.3560,0.0847,,
search,abc_tail_search,(a|b|c)*abc,medium,sfa,2,0.00322427,1.3534,0.6767,,
search,abc_tail_search,(a|b|c)*abc,medium,sfa,4,0.00314579,1.3872,0.3468,,
search,abc_tail_search,(a|b|c)*abc,medium,sfa,8,0.00297421,1.4672,0.1834,,
